table_schema,table_name,primary_key_column,is_granularity_check,is_null_check,is_row_count,threshold_percentage,expectations,is_dynamic_silver,is_hourly
mdlive_pubz,fact_edi_270_by_consult_type,Unknown,1,0,1,5,,0,1
mdlive_pubz,fact_edi_271_response_error_rates,Unknown,1,0,1,5,,0,1
mdlive_pubz,fact_edi_271_response_error_rates_by_code,Unknown,1,0,1,5,,0,1
mdlive_pubz,fact_edi_271_response_error_rates_by_payer,Unknown,1,0,1,5,,0,1
mdlive_rptz,vw_edi_270_by_consult_type,Unknown,1,0,1,5,,0,1
mdlive_rptz,vw_edi_271_response_error_rates,Unknown,1,0,1,5,,0,1
mdlive_rptz,vw_edi_271_response_error_rates_by_code,Unknown,1,0,1,5,,0,1
mdlive_rptz,vw_edi_271_response_error_rates_by_payer,Unknown,1,0,1,5,,0,1
mdlive_pubz,dim_customer_affiliations,customer_affiliation_key,1,0,1,5,,0,1
mdlive_pubz,dim_pharmacies,pharmacy_key,1,0,1,5,,0,1
mdlive_rawz,abandoned_visits,id,1,0,1,5,,1,0
mdlive_rawz,activity_histories,id,1,0,1,5,,0,1
mdlive_rawz,activity_history_metadata,id,1,0,1,5,,1,1
mdlive_rawz,activity_logs,id,1,0,1,5,,0,1
mdlive_rawz,activity_source_trackings,id,1,0,1,5,,0,1
mdlive_rawz,activity_types,id,1,0,1,5,,0,0
mdlive_rawz,addendum_signatures,id,1,0,1,5,,1,1
mdlive_rawz,affiliation_aliases_imports,id,1,0,1,5,,1,0
mdlive_rawz,affiliation_details,id,1,0,1,5,,0,0
mdlive_rawz,affiliation_group_names,id,1,0,1,5,,0,0
mdlive_rawz,affiliation_groups,id,1,0,1,5,,0,0
mdlive_rawz,affiliation_plans,id,1,0,1,5,,0,0
mdlive_rawz,affiliation_soap_cpt_codes,id,1,0,1,5,,0,0
mdlive_rawz,affiliation_specific_questions,id,1,0,1,5,,0,1
mdlive_rawz,affiliation_user_groups,id,1,0,1,5,,0,0
mdlive_rawz,affiliations,id,1,0,1,5,,0,0
mdlive_rawz,agent_chat_shifts,id,1,0,1,5,,1,1
mdlive_rawz,ai_bh_quality_reviews,id,1,0,1,5,,1,0
mdlive_rawz,allowed_physicians,id,1,0,1,5,,1,1
mdlive_rawz,alternate_terms,id,1,0,1,5,,1,0
mdlive_rawz,appointment_accessibility_options,id,1,0,1,5,,1,0
mdlive_rawz,appointment_methods,id,1,0,1,5,,0,0
mdlive_rawz,appointment_request_availability_occurrences,id,1,0,1,5,,1,1
mdlive_rawz,appointment_requests,id,1,0,1,5,,0,1
mdlive_rawz,appointment_reviews,id,1,0,1,5,,0,1
mdlive_rawz,appointment_statuses,id,1,0,1,5,,0,0
mdlive_rawz,assessment_assignments,id,1,0,1,5,,1,1
mdlive_rawz,assessment_responses,id,1,0,1,5,,0,1
mdlive_rawz,async_appointment_release_reasons,id,1,0,1,5,,1,1
mdlive_rawz,async_appointment_scores,id,1,0,1,5,,1,1
mdlive_rawz,async_available_diagnoses,id,1,0,1,5,,1,1
mdlive_rawz,async_available_medications,id,1,0,1,5,,1,1
mdlive_rawz,async_consult_summaries,id,1,0,1,5,,1,1
mdlive_rawz,async_escalations,id,1,0,1,5,,1,1
mdlive_rawz,async_provider_ratings,id,1,0,1,5,,1,1
mdlive_rawz,async_requested_excuse_notes,id,1,0,1,5,,1,1
mdlive_rawz,async_survey_responses,id,1,0,1,5,,1,0
mdlive_rawz,athena_api_logs,id,1,0,1,5,,0,1
mdlive_rawz,athena_api_logs_bh,id,1,0,1,5,,0,0
mdlive_rawz,athena_api_logs_status,id,1,0,1,5,,0,1
mdlive_rawz,athena_api_logs_status_bh,id,1,0,1,5,,0,0
mdlive_rawz,athena_api_logs_user_update,id,1,0,1,5,,0,0
mdlive_rawz,athena_kick_codes,id,1,0,1,5,,0,0
mdlive_rawz,athena_paid_payments,id,1,0,1,5,,0,0
mdlive_rawz,athena_provider_by_npi,id,1,0,1,5,,0,0
mdlive_rawz,attrep_apply_exceptions,Unknown,0,0,1,5,,0,0
mdlive_rawz,audit_logs,id,1,0,1,5,,0,1
mdlive_rawz,audits,id,1,0,1,5,,0,1
mdlive_rawz,authnet_transactions_data,id,1,0,1,5,,0,0
mdlive_rawz,behavioral_history_conditions,id,1,0,1,5,,0,1
mdlive_rawz,behavioral_history_family_histories,id,1,0,1,5,,1,1
mdlive_rawz,behavioral_therapy_reasons,id,1,0,1,5,,0,1
mdlive_rawz,benefit_authorizations,id,1,0,1,5,,1,1
mdlive_rawz,bh_disclaimers,id,1,0,1,5,,1,1
mdlive_rawz,bh_rates_hcsc_2019,id,1,0,1,5,,0,0
mdlive_rawz,billing_order_logs,id,1,0,1,5,,0,0
mdlive_rawz,branding_defaults,id,1,0,1,5,,1,0
mdlive_rawz,business_units,id,1,0,1,5,,0,0
mdlive_rawz,ccm_activity_versions,id,1,0,1,5,,1,1
mdlive_rawz,ccm_goal_versions,id,1,0,1,5,,1,0
mdlive_rawz,ccm_program_feature_acknowledgements,id,1,0,1,5,,1,0
mdlive_rawz,ccm_program_opt_out_reasons,id,1,0,1,5,,1,1
mdlive_rawz,ccm_program_signatures,id,1,0,1,5,,1,1
mdlive_rawz,ccm_program_versions,id,1,0,1,5,,1,1
mdlive_rawz,ccm_programs,id,1,0,1,5,,1,1
mdlive_rawz,ccm_vendor_patient_profiles,id,1,0,1,5,,1,1
mdlive_rawz,certifications_providers,id,1,0,1,5,,1,0
mdlive_rawz,chat_sessions,id,1,0,1,5,,1,1
mdlive_rawz,cherry_pick_reasons,id,1,0,1,5,,1,1
mdlive_rawz,claim_holds,id,1,0,1,5,,1,0
mdlive_rawz,claim_status,id,1,0,1,5,,0,0
mdlive_rawz,claims,id,1,0,1,5,,0,0
mdlive_rawz,claims_derm,id,1,0,1,5,,0,0
mdlive_rawz,client_affiliations,id,1,0,1,5,,0,0
mdlive_rawz,client_keys,id,1,0,1,5,,0,0
mdlive_rawz,clinical_care_coordinator_cases,id,1,0,1,5,,1,0
mdlive_rawz,clinical_concepts,id,1,0,1,5,,0,0
mdlive_rawz,close_out_cares,id,1,0,1,5,,1,0
mdlive_rawz,consultation_credit_origination_types,id,1,0,1,5,,0,0
mdlive_rawz,consultation_credit_tracking_informations,id,1,0,1,5,,0,1
mdlive_rawz,consultations,id,1,0,1,5,,0,0
mdlive_rawz,consultations_diagnoses,id,1,0,1,5,,0,1
mdlive_rawz,continuation_of_cares,id,1,0,1,5,,0,1
mdlive_rawz,contractual_credits,id,1,0,1,5,,1,0
mdlive_rawz,conversation_users,id,1,0,1,5,,1,1
mdlive_rawz,conversation_watcher_metadata,id,1,0,1,5,,1,1
mdlive_rawz,correspondences,id,1,0,1,5,,1,1
mdlive_rawz,cpt_addendum,id,1,0,1,5,,0,0
mdlive_rawz,cpt_assignments,id,1,0,1,5,,1,1
mdlive_rawz,cpt_code_amount02282018,id,1,0,1,5,,0,0
mdlive_rawz,cpt_codes,id,1,0,1,5,,0,0
mdlive_rawz,cpt_configuration_2020,id,1,0,1,5,,0,0
mdlive_rawz,crisis_protocol_events,id,1,0,1,5,,1,0
mdlive_rawz,crlogins,id,1,0,1,5,,0,0
mdlive_rawz,cs_support_cases,id,1,0,1,5,,0,1
mdlive_rawz,csa_user_search_histories,id,1,0,1,5,,1,1
mdlive_rawz,cust_appointment_chats,id,1,0,1,5,,1,0
mdlive_rawz,cust_appointment_incentives,id,1,0,1,5,,0,0
mdlive_rawz,cust_appointment_metadata,id,1,0,1,5,,0,1
mdlive_rawz,cust_appointment_soap_note_modifications,id,1,0,1,5,,1,1
mdlive_rawz,cust_appointment_soap_notes,id,1,0,1,5,,0,1
mdlive_rawz,cust_appointment_soap_notes_gap_in_cares,id,1,0,1,5,,1,0
mdlive_rawz,cust_appointment_tags,id,1,0,1,5,,0,0
mdlive_rawz,cust_appointment_transcripts,id,1,0,1,5,,1,1
mdlive_rawz,cust_appointments,id,1,0,1,5,,0,1
mdlive_rawz,customer_affiliation_reports,id,1,0,1,5,,0,1
mdlive_rawz,customer_affiliations,id,1,0,1,5,,0,1
mdlive_rawz,customer_benefit_overuses,id,1,0,1,5,,1,1
mdlive_rawz,customer_consultation_provider_responses,id,1,0,1,5,,0,1
mdlive_rawz,customer_details,id,1,0,1,5,,0,1
mdlive_rawz,customer_insurance_behavioral_details,id,1,0,1,5,,1,1
mdlive_rawz,customer_insurance_dermatology_details,id,1,0,1,5,,1,1
mdlive_rawz,customer_insurance_parent_details,id,1,0,1,5,,1,1
mdlive_rawz,customer_insurance270_details,id,1,0,1,5,,0,1
mdlive_rawz,customer_on_call_queues,id,1,0,1,5,,0,1
mdlive_rawz,customer_phone_recordings,id,1,0,1,5,,0,1
mdlive_rawz,diagnosis_icd9_codes,id,1,0,1,5,,0,0
mdlive_rawz,dispensable_drugs,id,1,0,1,5,,0,0
mdlive_rawz,dnp_approval_queues,id,1,0,1,5,,1,0
mdlive_rawz,do_not_prescribes,id,1,0,1,5,,1,0
mdlive_rawz,dockhealth,id,1,0,1,5,,1,0
mdlive_rawz,document_reviews,id,1,0,1,5,,1,0
mdlive_rawz,eligibility_checks,id,1,0,1,5,,1,1
mdlive_rawz,eligible_members,id,1,0,1,5,,0,1
mdlive_rawz,encounter_logs,id,1,0,1,5,,0,1
mdlive_rawz,encounter_logs_new,id,1,0,1,5,,0,0
mdlive_rawz,encounter_payment_exception_logs,id,1,0,1,5,,0,0
mdlive_rawz,evr_allergies,id,1,0,1,5,,0,1
mdlive_rawz,evr_allergy_names,id,1,0,1,5,,0,0
mdlive_rawz,evr_allergy_types,id,1,0,1,5,,0,0
mdlive_rawz,evr_categories,id,1,0,1,5,,0,0
mdlive_rawz,evr_derm_histories,id,1,0,1,5,,0,0
mdlive_rawz,evr_emergency_contacts,id,1,0,1,5,,0,0
mdlive_rawz,evr_family_histories,id,1,0,1,5,,0,1
mdlive_rawz,evr_family_history_conditions,id,1,0,1,5,,0,0
mdlive_rawz,evr_gh_ccrs,id,1,0,1,5,,0,0
mdlive_rawz,evr_gh_syncs,id,1,0,1,5,,0,0
mdlive_rawz,evr_immunizations,id,1,0,1,5,,0,0
mdlive_rawz,evr_insurances,id,1,0,1,5,,0,0
mdlive_rawz,evr_life_style_conditions,id,1,0,1,5,,0,1
mdlive_rawz,evr_measurements,id,1,0,1,5,,0,0
mdlive_rawz,evr_medical_condition_names,id,1,0,1,5,,0,0
mdlive_rawz,evr_medical_conditions,id,1,0,1,5,,0,1
mdlive_rawz,evr_medication_names,id,1,0,1,5,,0,0
mdlive_rawz,evr_medications,id,1,0,1,5,,0,1
mdlive_rawz,evr_other_family_histories,id,1,0,1,5,,0,0
mdlive_rawz,evr_pediatric_histories,id,1,0,1,5,,0,1
mdlive_rawz,evr_personal_informations,id,1,0,1,5,,0,1
mdlive_rawz,evr_phr_systems,id,1,0,1,5,,0,0
mdlive_rawz,evr_primary_care_physicians,id,1,0,1,5,,0,1
mdlive_rawz,evr_procedures,id,1,0,1,5,,0,0
mdlive_rawz,evr_specialty_physicians,id,1,0,1,5,,0,0
mdlive_rawz,evr_surgeries,id,1,0,1,5,,0,1
mdlive_rawz,evr_syncs,id,1,0,1,5,,0,0
mdlive_rawz,evr_test_results,id,1,0,1,5,,0,0
mdlive_rawz,external_cust_appointments,id,1,0,1,5,,1,1
mdlive_rawz,external_patient_data,id,1,0,1,5,,1,1
mdlive_rawz,fileloaddates,id,1,0,1,5,,0,0
mdlive_rawz,finance_data,id,1,0,1,5,,1,0
mdlive_rawz,group_xref_affiliations,id,1,0,1,5,,0,0
mdlive_rawz,groups,id,1,0,1,5,,0,0
mdlive_rawz,hcsc_suppliment,my_row_id,1,0,1,5,,0,0
mdlive_rawz,health_systems_default_settings,id,1,0,1,5,,1,0
mdlive_rawz,health_systems_email_templates,id,1,0,1,5,,1,0
mdlive_rawz,hets_requests,id,1,0,1,5,,1,1
mdlive_rawz,hets_responses,id,1,0,1,5,,0,1
mdlive_rawz,hets_transactions,id,1,0,1,5,,1,1
mdlive_rawz,hras,id,1,0,1,5,,1,1
mdlive_rawz,hss_calls,my_row_id,1,0,1,5,,0,0
mdlive_rawz,hss_clients,Unknown,0,0,1,5,,0,0
mdlive_rawz,iagnosis_encounters,p_id,1,0,1,5,,0,0
mdlive_rawz,imaging_appointments,id,1,0,1,5,,1,0
mdlive_rawz,imaging_order_stages,id,1,0,1,5,,1,0
mdlive_rawz,imaging_orders,id,1,0,1,5,,1,0
mdlive_rawz,imaging_result_reviews,id,1,0,1,5,,1,0
mdlive_rawz,imaging_results,id,1,0,1,5,,1,0
mdlive_rawz,incentive_sms_notifications,id,1,0,1,5,,1,0
mdlive_rawz,incentives,id,1,0,1,5,,0,0
mdlive_rawz,incontact_cdr,Unknown,0,0,1,5,,0,0
mdlive_rawz,incontact_list_of_skills,my_row_id,1,0,1,5,,0,0
mdlive_rawz,incontact_poc,my_row_id,1,0,1,5,,0,0
mdlive_rawz,ins_payers,id,1,0,1,5,,0,0
mdlive_rawz,insurance_group_numbers,id,1,0,1,5,,1,0
mdlive_rawz,insurance_payers,id,1,0,1,5,,0,0
mdlive_rawz,interaction_overrides,id,1,0,1,5,,1,1
mdlive_rawz,internal_notifications,id,1,0,1,5,,1,1
mdlive_rawz,invite_confirmations,id,1,0,1,5,,1,0
mdlive_rawz,job,job_id,1,0,1,5,,0,1
mdlive_rawz,lab_order_tests,id,1,0,1,5,,0,0
mdlive_rawz,lab_orders,id,1,0,1,5,,0,1
mdlive_rawz,lab_requests,id,1,0,1,5,,0,1
mdlive_rawz,lab_result_details,id,1,0,1,5,,1,1
mdlive_rawz,lab_result_reviews,id,1,0,1,5,,0,1
mdlive_rawz,lab_result_subtests,id,1,0,1,5,,0,1
mdlive_rawz,lab_result_tests,id,1,0,1,5,,0,1
mdlive_rawz,lab_results,id,1,0,1,5,,0,1
mdlive_rawz,laboratory_appointments,id,1,0,1,5,,1,1
mdlive_rawz,laboratory_errors,id,1,0,1,5,,1,1
mdlive_rawz,licenses,id,1,0,1,5,,0,0
mdlive_rawz,marketing_members,id,1,0,1,5,,1,0
mdlive_rawz,mcr_config,id,1,0,1,5,,0,0
mdlive_rawz,mdlive_behavioral,Unknown,0,0,1,5,,0,0
mdlive_rawz,mdlive_edi_responses,id,1,0,1,5,,1,1
mdlive_rawz,mdlive_eligible_lives,my_row_id,1,0,1,5,,0,0
mdlive_rawz,mdlive_encounters,id,1,0,1,5,,0,0
mdlive_rawz,med_reconciliations,id,1,0,1,5,,1,1
mdlive_rawz,med_routes,id,1,0,1,5,,1,0
mdlive_rawz,medicaid_licenses,id,1,0,1,5,,0,0
mdlive_rawz,medical_groups,id,1,0,1,5,,1,0
mdlive_rawz,medication_logs,id,1,0,1,5,,1,0
mdlive_rawz,medications,id,1,0,1,5,,0,0
mdlive_rawz,messages,id,1,0,1,5,,0,1
mdlive_rawz,mobile_device_registrations,id,1,0,1,5,,0,1
mdlive_rawz,mock_two_seventy_members,id,1,0,1,5,,1,0
mdlive_rawz,mock_two_seventy_templates,id,1,0,1,5,,1,0
mdlive_rawz,money_transactions,id,1,0,1,5,,0,1
mdlive_rawz,moniker_checks,id,1,0,1,5,,1,1
mdlive_rawz,monthly_auth_report,my_row_id,1,0,1,5,,0,0
mdlive_rawz,monthly_report_billing,id,1,0,1,5,,0,0
mdlive_rawz,native_lab_sets,id,1,0,1,5,,1,0
mdlive_rawz,ndc_deletion_reasons,id,1,0,1,5,,1,0
mdlive_rawz,new_crop_medications,id,1,0,1,5,,0,0
mdlive_rawz,new_load_verify,id,1,0,1,5,,0,0
mdlive_rawz,notes,id,1,0,1,5,,0,1
mdlive_rawz,notifications,id,1,0,1,5,,1,1
mdlive_rawz,on_call_types,id,1,0,1,5,,0,0
mdlive_rawz,orders,id,1,0,1,5,,0,1
mdlive_rawz,outgoing_surescripts_messages,id,1,0,1,5,,1,1
mdlive_rawz,outreach_program_patient_sms,id,1,0,1,5,,1,0
mdlive_rawz,outreach_program_patients,id,1,0,1,5,,1,1
mdlive_rawz,outreach_programs,id,1,0,1,5,,1,0
mdlive_rawz,patient_details,id,1,0,1,5,,0,1
mdlive_rawz,patient_interactions,id,1,0,1,5,,1,1
mdlive_rawz,patient_invitees,id,1,0,1,5,,1,0
mdlive_rawz,patient_prescription_coverages,id,1,0,1,5,,1,1
mdlive_rawz,patient_vitals,id,1,0,1,5,,1,1
mdlive_rawz,patients_api_credentials,id,1,0,1,5,,1,1
mdlive_rawz,patients_ethnicities,id,1,0,1,5,,1,1
mdlive_rawz,patients_gender_identities,id,1,0,1,5,,1,1
mdlive_rawz,patients_pronouns,id,1,0,1,5,,1,1
mdlive_rawz,patients_races,id,1,0,1,5,,1,1
mdlive_rawz,patients_sexes_assigned_at_birth,id,1,0,1,5,,1,1
mdlive_rawz,patients_sexual_orientations,id,1,0,1,5,,1,1
mdlive_rawz,patients_social_determinants_of_health,id,1,0,1,5,,1,1
mdlive_rawz,patients_spoken_proficiencies,id,1,0,1,5,,1,1
mdlive_rawz,pharmacies,id,1,0,1,5,,0,0
mdlive_rawz,phys_avail_statuses,id,1,0,1,5,,0,0
mdlive_rawz,phys_availabilities,id,1,0,1,5,,0,1
mdlive_rawz,physician_types,id,1,0,1,5,,0,0
mdlive_rawz,physician_types_users,id,1,0,1,5,,0,0
mdlive_rawz,plans,id,1,0,1,5,,0,0
mdlive_rawz,pre_prod,id,1,0,1,5,,0,1
mdlive_rawz,prescription_statuses,id,1,0,1,5,,0,0
mdlive_rawz,prescriptions,id,1,0,1,5,,0,0
mdlive_rawz,products,id,1,0,1,5,,0,0
mdlive_rawz,promo_codes,id,1,0,1,5,,0,0
mdlive_rawz,promotional_credits,id,1,0,1,5,,1,0
mdlive_rawz,provider_affiliations,id,1,0,1,5,,0,0
mdlive_rawz,provider_billing_rates,id,1,0,1,5,,0,0
mdlive_rawz,provider_details,id,1,0,1,5,,1,0
mdlive_rawz,provider_flags,id,1,0,1,5,,0,0
mdlive_rawz,provider_payment_informations,id,1,0,1,5,,1,0
mdlive_rawz,provider_payments_report_requests,id,1,0,1,5,,1,0
mdlive_rawz,provider_profiles,id,1,0,1,5,,1,0
mdlive_rawz,provider_recruitment_applications,id,1,0,1,5,,1,0
mdlive_rawz,psy_fee_schedules,id,1,0,1,5,,0,0
mdlive_rawz,queue_emails,id,1,0,1,5,,1,1
mdlive_rawz,races,id,1,0,1,5,,1,0
mdlive_rawz,ratings,id,1,0,1,5,,1,1
mdlive_rawz,refund_requests,id,1,0,1,5,,0,1
mdlive_rawz,reminders,id,1,0,1,5,,1,1
mdlive_rawz,reserved_timeslots,id,1,0,1,5,,1,1
mdlive_rawz,revenue_details_0513,id,1,0,1,5,,0,0
mdlive_rawz,revenue_details_2018,id,1,0,1,5,,0,0
mdlive_rawz,revenue_details_2019,id,1,0,1,5,,0,0
mdlive_rawz,revenue_details_2020,id,1,0,1,5,,0,0
mdlive_rawz,revenue_details_2021,id,1,0,1,5,,0,0
mdlive_rawz,revenue_details_2022,id,1,0,1,5,,0,0
mdlive_rawz,revenue_details_bh,id,1,0,1,5,,0,0
mdlive_rawz,rules,id,1,0,1,5,,1,0
mdlive_rawz,rx_limit_overrides,id,1,0,1,5,,1,1
mdlive_rawz,rx_norms,id,1,0,1,5,,1,0
mdlive_rawz,rx_refill_requests,id,1,0,1,5,,1,1
mdlive_rawz,schedule_sessions,id,1,0,1,5,,1,1
mdlive_rawz,sdk_sso_transfers,id,1,0,1,5,,1,0
mdlive_rawz,sf_opportunity,p_id,1,0,1,5,,1,0
mdlive_rawz,sig_text_instructions,id,1,0,1,5,,1,0
mdlive_rawz,sigs,id,1,0,1,5,,1,0
mdlive_rawz,simple_patients,id,1,0,1,5,,1,1
mdlive_rawz,sms_messages,id,1,0,1,5,,1,1
mdlive_rawz,sms_requests,id,1,0,1,5,,1,1
mdlive_rawz,soap_note_bundle_print_requests,id,1,0,1,5,,1,1
mdlive_rawz,specialty_follow_up_affiliation_coverages,id,1,0,1,5,,1,0
mdlive_rawz,specialty_soap_notes,id,1,0,1,5,,0,1
mdlive_rawz,sso_audit_logs,id,1,0,1,5,,0,1
mdlive_rawz,states,id,1,0,1,5,,0,0
mdlive_rawz,suggested_medications,id,1,0,1,5,,1,0
mdlive_rawz,supervisor_cases,id,1,0,1,5,,1,1
mdlive_rawz,support_request_topics,id,1,0,1,5,,1,0
mdlive_rawz,surescript_prescriptions,id,1,0,1,5,,0,1
mdlive_rawz,surescripts_favorite_rx,id,1,0,1,5,,1,1
mdlive_rawz,surescripts_rx_history_medications,id,1,0,1,5,,1,1
mdlive_rawz,survey_metadata,id,1,0,1,5,,0,0
mdlive_rawz,survey_responses,id,1,0,1,5,,0,0
mdlive_rawz,system_message_alerts,id,1,0,1,5,,1,0
mdlive_rawz,tags,id,1,0,1,5,,0,0
mdlive_rawz,treatment_plan_assignments,id,1,0,1,5,,1,1
mdlive_rawz,url_shorteners,id,1,0,1,5,,1,1
mdlive_rawz,us_time_zones,id,1,0,1,5,,0,0
mdlive_rawz,user_statuses,id,1,0,1,5,,0,0
mdlive_rawz,user_types,id,1,0,1,5,,0,0
mdlive_rawz,user_vip_flags,id,1,0,1,5,,1,0
mdlive_rawz,users,id,1,0,1,5,,0,1
mdlive_rawz,video_consultations,id,1,0,1,5,,0,1
mdlive_rawz,webhook_events,id,1,0,1,5,,1,1
mdlive_cnfz,abandoned_visits,id,1,0,1,5,,0,0
mdlive_cnfz,activity_histories,id,1,0,1,5,,0,1
mdlive_cnfz,activity_history_metadata,id,1,0,1,5,,0,1
mdlive_cnfz,activity_logs,id,1,0,1,5,,0,1
mdlive_cnfz,activity_source_trackings,id,1,0,1,5,,0,1
mdlive_cnfz,activity_types,id,1,0,1,5,,0,0
mdlive_cnfz,addendum_signatures,id,1,0,1,5,,0,1
mdlive_cnfz,affiliation_aliases_imports,id,1,0,1,5,,0,0
mdlive_cnfz,affiliation_costs,affiliation_name,1,0,1,5,,0,0
mdlive_cnfz,affiliation_details,id,1,0,1,5,,0,0
mdlive_cnfz,affiliation_group_names,id,1,0,1,5,,0,0
mdlive_cnfz,affiliation_groups,id,1,0,1,5,,0,0
mdlive_cnfz,affiliation_plans,id,1,0,1,5,,0,0
mdlive_cnfz,affiliation_soap_cpt_codes,id,1,0,1,5,,0,0
mdlive_cnfz,affiliation_specific_questions,id,1,0,1,5,,0,1
mdlive_cnfz,affiliation_user_groups,id,1,0,1,5,,0,0
mdlive_cnfz,affiliations,id,1,0,1,5,,0,0
mdlive_cnfz,agent_chat_shifts,id,1,0,1,5,,0,1
mdlive_cnfz,ai_bh_quality_reviews,id,1,0,1,5,,0,0
mdlive_cnfz,allowed_physicians,id,1,0,1,5,,0,1
mdlive_cnfz,alternate_terms,id,1,0,1,5,,0,0
mdlive_cnfz,appointment_accessibility_options,id,1,0,1,5,,0,0
mdlive_cnfz,appointment_methods,id,1,0,1,5,,0,0
mdlive_cnfz,appointment_request_availability_occurrences,id,1,0,1,5,,0,1
mdlive_cnfz,appointment_requests,id,1,0,1,5,,0,1
mdlive_cnfz,appointment_reviews,id,1,0,1,5,,0,1
mdlive_cnfz,appointment_statuses,id,1,0,1,5,,0,0
mdlive_cnfz,assessment_assignments,id,1,0,1,5,,0,1
mdlive_cnfz,assessment_responses,id,1,0,1,5,,0,1
mdlive_cnfz,async_appointment_release_reasons,id,1,0,1,5,,0,1
mdlive_cnfz,async_appointment_scores,id,1,0,1,5,,0,1
mdlive_cnfz,async_available_diagnoses,id,1,0,1,5,,0,1
mdlive_cnfz,async_available_medications,id,1,0,1,5,,0,1
mdlive_cnfz,async_consult_summaries,id,1,0,1,5,,0,1
mdlive_cnfz,async_escalations,id,1,0,1,5,,0,1
mdlive_cnfz,async_provider_ratings,id,1,0,1,5,,0,1
mdlive_cnfz,async_requested_excuse_notes,id,1,0,1,5,,0,1
mdlive_cnfz,async_survey_responses,id,1,0,1,5,,0,0
mdlive_cnfz,athena_api_logs,id,1,0,1,5,,0,1
mdlive_cnfz,athena_api_logs_bh,id,1,0,1,5,,0,0
mdlive_cnfz,athena_api_logs_status,id,1,0,1,5,,0,1
mdlive_cnfz,athena_api_logs_status_bh,id,1,0,1,5,,0,0
mdlive_cnfz,athena_api_logs_user_update,id,1,0,1,5,,0,0
mdlive_cnfz,athena_kick_codes,id,1,0,1,5,,0,0
mdlive_cnfz,athena_paid_payments,id,1,0,1,5,,0,0
mdlive_cnfz,athena_provider_by_npi,id,1,0,1,5,,0,0
mdlive_cnfz,attrep_apply_exceptions,Unknown,0,0,1,5,,0,0
mdlive_cnfz,audit_logs,id,1,0,1,5,,0,1
mdlive_cnfz,audits,id,1,0,1,5,,0,1
mdlive_cnfz,authnet_transactions_data,id,1,0,1,5,,0,0
mdlive_cnfz,behavioral_history_conditions,id,1,0,1,5,,0,1
mdlive_cnfz,behavioral_history_family_histories,id,1,0,1,5,,0,1
mdlive_cnfz,behavioral_therapy_reasons,id,1,0,1,5,,0,1
mdlive_cnfz,benefit_authorizations,id,1,0,1,5,,0,1
mdlive_cnfz,bh_disclaimers,id,1,0,1,5,,0,1
mdlive_cnfz,bh_rates_hcsc_2019,id,1,0,1,5,,0,0
mdlive_cnfz,billing_order_logs,id,1,0,1,5,,0,0
mdlive_cnfz,branding_defaults,id,1,0,1,5,,0,0
mdlive_cnfz,business_units,id,1,0,1,5,,0,0
mdlive_cnfz,ccm_activity_versions,id,1,0,1,5,,0,1
mdlive_cnfz,ccm_goal_versions,id,1,0,1,5,,0,0
mdlive_cnfz,ccm_program_feature_acknowledgements,id,1,0,1,5,,0,0
mdlive_cnfz,ccm_program_opt_out_reasons,id,1,0,1,5,,0,1
mdlive_cnfz,ccm_program_signatures,id,1,0,1,5,,0,1
mdlive_cnfz,ccm_program_versions,id,1,0,1,5,,0,1
mdlive_cnfz,ccm_programs,id,1,0,1,5,,0,1
mdlive_cnfz,ccm_vendor_patient_profiles,id,1,0,1,5,,0,1
mdlive_cnfz,certifications_providers,id,1,0,1,5,,0,0
mdlive_cnfz,chat_sessions,id,1,0,1,5,,0,1
mdlive_cnfz,cherry_pick_reasons,id,1,0,1,5,,0,1
mdlive_cnfz,claim_holds,id,1,0,1,5,,0,0
mdlive_cnfz,claim_status,id,1,0,1,5,,0,0
mdlive_cnfz,claims,id,1,0,1,5,,0,0
mdlive_cnfz,claims_derm,id,1,0,1,5,,0,0
mdlive_cnfz,client_affiliations,id,1,0,1,5,,0,0
mdlive_cnfz,client_keys,id,1,0,1,5,,0,0
mdlive_cnfz,clinical_care_coordinator_cases,id,1,0,1,5,,0,0
mdlive_cnfz,clinical_concepts,id,1,0,1,5,,0,0
mdlive_cnfz,close_out_cares,id,1,0,1,5,,0,0
mdlive_cnfz,consultation_credit_origination_types,id,1,0,1,5,,0,0
mdlive_cnfz,consultation_credit_tracking_informations,id,1,0,1,5,,0,1
mdlive_cnfz,consultations,id,1,0,1,5,,0,0
mdlive_cnfz,consultations_diagnoses,id,1,0,1,5,,0,1
mdlive_cnfz,continuation_of_cares,id,1,0,1,5,,0,1
mdlive_cnfz,contractual_credits,id,1,0,1,5,,0,0
mdlive_cnfz,conversation_users,id,1,0,1,5,,0,1
mdlive_cnfz,conversation_watcher_metadata,id,1,0,1,5,,0,1
mdlive_cnfz,correspondences,id,1,0,1,5,,0,1
mdlive_cnfz,cpt_addendum,id,1,0,1,5,,0,0
mdlive_cnfz,cpt_assignments,id,1,0,1,5,,0,1
mdlive_cnfz,cpt_code_amount02282018,id,1,0,1,5,,0,0
mdlive_cnfz,cpt_codes,id,1,0,1,5,,0,0
mdlive_cnfz,cpt_configuration_2020,id,1,0,1,5,,0,0
mdlive_cnfz,crisis_protocol_events,id,1,0,1,5,,0,0
mdlive_cnfz,crlogins,id,1,0,1,5,,0,0
mdlive_cnfz,cs_support_cases,id,1,0,1,5,,0,1
mdlive_cnfz,csa_user_search_histories,id,1,0,1,5,,0,1
mdlive_cnfz,cust_appointment_chats,id,1,0,1,5,,0,0
mdlive_cnfz,cust_appointment_incentives,id,1,0,1,5,,0,0
mdlive_cnfz,cust_appointment_metadata,id,1,0,1,5,,0,1
mdlive_cnfz,cust_appointment_soap_note_modifications,id,1,0,1,5,,0,1
mdlive_cnfz,cust_appointment_soap_notes,id,1,0,1,5,,0,1
mdlive_cnfz,cust_appointment_soap_notes_gap_in_cares,id,1,0,1,5,,0,0
mdlive_cnfz,cust_appointment_tags,id,1,0,1,5,,0,0
mdlive_cnfz,cust_appointment_transcripts,id,1,0,1,5,,0,1
mdlive_cnfz,cust_appointments,id,1,0,1,5,,0,1
mdlive_cnfz,customer_affiliation_reports,id,1,0,1,5,,0,1
mdlive_cnfz,customer_affiliations,id,1,0,1,5,,0,1
mdlive_cnfz,customer_benefit_overuses,id,1,0,1,5,,0,1
mdlive_cnfz,customer_consultation_provider_responses,id,1,0,1,5,,0,1
mdlive_cnfz,customer_details,id,1,0,1,5,,0,1
mdlive_cnfz,customer_insurance_behavioral_details,id,1,0,1,5,,0,1
mdlive_cnfz,customer_insurance_dermatology_details,id,1,0,1,5,,0,1
mdlive_cnfz,customer_insurance_parent_details,id,1,0,1,5,,0,1
mdlive_cnfz,customer_insurance270_details,id,1,0,1,5,,0,1
mdlive_cnfz,customer_on_call_queues,id,1,0,1,5,,0,1
mdlive_cnfz,customer_phone_recordings,id,1,0,1,5,,0,1
mdlive_cnfz,diagnosis_icd9_codes,id,1,0,1,5,,0,0
mdlive_cnfz,dispensable_drugs,id,1,0,1,5,,0,0
mdlive_cnfz,dnp_approval_queues,id,1,0,1,5,,0,0
mdlive_cnfz,do_not_prescribes,id,1,0,1,5,,0,0
mdlive_cnfz,dockhealth,id,1,0,1,5,,0,0
mdlive_cnfz,document_reviews,id,1,0,1,5,,0,0
mdlive_cnfz,eligibility_checks,id,1,0,1,5,,0,1
mdlive_cnfz,eligible_members,id,1,0,1,5,,0,1
mdlive_cnfz,encounter_logs,id,1,0,1,5,,0,1
mdlive_cnfz,encounter_logs_new,id,1,0,1,5,,0,0
mdlive_cnfz,encounter_payment_exception_logs,id,1,0,1,5,,0,0
mdlive_cnfz,evr_allergies,id,1,0,1,5,,0,1
mdlive_cnfz,evr_allergy_names,id,1,0,1,5,,0,0
mdlive_cnfz,evr_allergy_types,id,1,0,1,5,,0,0
mdlive_cnfz,evr_categories,id,1,0,1,5,,0,0
mdlive_cnfz,evr_derm_histories,id,1,0,1,5,,0,0
mdlive_cnfz,evr_emergency_contacts,id,1,0,1,5,,0,0
mdlive_cnfz,evr_family_histories,id,1,0,1,5,,0,1
mdlive_cnfz,evr_family_history_conditions,id,1,0,1,5,,0,0
mdlive_cnfz,evr_gh_ccrs,id,1,0,1,5,,0,0
mdlive_cnfz,evr_gh_syncs,id,1,0,1,5,,0,0
mdlive_cnfz,evr_immunizations,id,1,0,1,5,,0,0
mdlive_cnfz,evr_insurances,id,1,0,1,5,,0,0
mdlive_cnfz,evr_life_style_conditions,id,1,0,1,5,,0,1
mdlive_cnfz,evr_measurements,id,1,0,1,5,,0,0
mdlive_cnfz,evr_medical_condition_names,id,1,0,1,5,,0,0
mdlive_cnfz,evr_medical_conditions,id,1,0,1,5,,0,1
mdlive_cnfz,evr_medication_names,id,1,0,1,5,,0,0
mdlive_cnfz,evr_medications,id,1,0,1,5,,0,1
mdlive_cnfz,evr_other_family_histories,id,1,0,1,5,,0,0
mdlive_cnfz,evr_pediatric_histories,id,1,0,1,5,,0,1
mdlive_cnfz,evr_personal_informations,id,1,0,1,5,,0,1
mdlive_cnfz,evr_phr_systems,id,1,0,1,5,,0,0
mdlive_cnfz,evr_primary_care_physicians,id,1,0,1,5,,0,1
mdlive_cnfz,evr_procedures,id,1,0,1,5,,0,0
mdlive_cnfz,evr_specialty_physicians,id,1,0,1,5,,0,0
mdlive_cnfz,evr_surgeries,id,1,0,1,5,,0,1
mdlive_cnfz,evr_syncs,id,1,0,1,5,,0,0
mdlive_cnfz,evr_test_results,id,1,0,1,5,,0,0
mdlive_cnfz,external_cust_appointments,id,1,0,1,5,,0,1
mdlive_cnfz,external_patient_data,id,1,0,1,5,,0,1
mdlive_cnfz,file_load_dates,id,1,0,1,5,,0,0
mdlive_cnfz,finance_data,id,1,0,1,5,,0,0
mdlive_cnfz,group_xref_affiliations,id,1,0,1,5,,0,0
mdlive_cnfz,groups,id,1,0,1,5,,0,0
mdlive_cnfz,hcsc_suppliment,my_row_id,1,0,1,5,,0,0
mdlive_cnfz,health_systems_default_settings,id,1,0,1,5,,0,0
mdlive_cnfz,health_systems_email_templates,id,1,0,1,5,,0,0
mdlive_cnfz,hets_requests,id,1,0,1,5,,0,1
mdlive_cnfz,hets_responses,id,1,0,1,5,,0,1
mdlive_cnfz,hets_transactions,id,1,0,1,5,,0,1
mdlive_cnfz,hras,id,1,0,1,5,,0,1
mdlive_cnfz,hss_calls,my_row_id,1,0,1,5,,0,0
mdlive_cnfz,hss_clients,Unknown,0,0,1,5,,0,0
mdlive_cnfz,iagnosis_encounters,p_id,1,0,1,5,,0,0
mdlive_cnfz,imaging_appointments,id,1,0,1,5,,0,0
mdlive_cnfz,imaging_order_stages,id,1,0,1,5,,0,0
mdlive_cnfz,imaging_orders,id,1,0,1,5,,0,0
mdlive_cnfz,imaging_result_reviews,id,1,0,1,5,,0,0
mdlive_cnfz,imaging_results,id,1,0,1,5,,0,0
mdlive_cnfz,incentive_sms_notifications,id,1,0,1,5,,0,0
mdlive_cnfz,incentives,id,1,0,1,5,,0,0
mdlive_cnfz,incontact_cdr,Unknown,0,0,1,5,,0,0
mdlive_cnfz,incontact_list_of_skills,my_row_id,1,0,1,5,,0,0
mdlive_cnfz,incontact_poc,my_row_id,1,0,1,5,,0,0
mdlive_cnfz,ins_payers,id,1,0,1,5,,0,0
mdlive_cnfz,insurance_group_numbers,id,1,0,1,5,,0,0
mdlive_cnfz,insurance_payers,id,1,0,1,5,,0,0
mdlive_cnfz,interaction_overrides,id,1,0,1,5,,0,1
mdlive_cnfz,internal_notifications,id,1,0,1,5,,0,1
mdlive_cnfz,invite_confirmations,id,1,0,1,5,,0,0
mdlive_cnfz,lab_order_tests,id,1,0,1,5,,0,0
mdlive_cnfz,lab_orders,id,1,0,1,5,,0,1
mdlive_cnfz,lab_requests,id,1,0,1,5,,0,1
mdlive_cnfz,lab_result_details,id,1,0,1,5,,0,1
mdlive_cnfz,lab_result_reviews,id,1,0,1,5,,0,1
mdlive_cnfz,lab_result_subtests,id,1,0,1,5,,0,1
mdlive_cnfz,lab_result_tests,id,1,0,1,5,,0,1
mdlive_cnfz,lab_results,id,1,0,1,5,,0,1
mdlive_cnfz,laboratory_appointments,id,1,0,1,5,,0,1
mdlive_cnfz,laboratory_errors,id,1,0,1,5,,0,1
mdlive_cnfz,licenses,id,1,0,1,5,,0,0
mdlive_cnfz,marketing_members,id,1,0,1,5,,0,0
mdlive_cnfz,mcr_config,id,1,0,1,5,,0,0
mdlive_cnfz,mdlive_behavioral,Unknown,0,0,1,5,,0,0
mdlive_cnfz,mdlive_edi_responses,id,1,0,1,5,,0,1
mdlive_cnfz,mdlive_eligible_lives,my_row_id,1,0,1,5,,0,0
mdlive_cnfz,mdlive_encounters,id,1,0,1,5,,0,0
mdlive_cnfz,med_reconciliations,id,1,0,1,5,,0,1
mdlive_cnfz,med_routes,id,1,0,1,5,,0,0
mdlive_cnfz,medicaid_licenses,id,1,0,1,5,,0,0
mdlive_cnfz,medical_groups,id,1,0,1,5,,0,0
mdlive_cnfz,medication_logs,id,1,0,1,5,,0,0
mdlive_cnfz,medications,id,1,0,1,5,,0,0
mdlive_cnfz,messages,id,1,0,1,5,,0,1
mdlive_cnfz,mirth_jobs,job_id,1,0,1,5,,0,1
mdlive_cnfz,mirth_pre_prod,id,1,0,1,5,,0,1
mdlive_cnfz,mobile_device_registrations,id,1,0,1,5,,0,1
mdlive_cnfz,mock_two_seventy_members,id,1,0,1,5,,0,0
mdlive_cnfz,mock_two_seventy_templates,id,1,0,1,5,,0,0
mdlive_cnfz,money_transactions,id,1,0,1,5,,0,1
mdlive_cnfz,moniker_checks,id,1,0,1,5,,0,1
mdlive_cnfz,monthly_auth_report,my_row_id,1,0,1,5,,0,0
mdlive_cnfz,monthly_report_billing,id,1,0,1,5,,0,0
mdlive_cnfz,native_lab_sets,id,1,0,1,5,,0,0
mdlive_cnfz,ndc_deletion_reasons,id,1,0,1,5,,0,0
mdlive_cnfz,new_crop_medications,id,1,0,1,5,,0,0
mdlive_cnfz,new_load_verify,id,1,0,1,5,,0,0
mdlive_cnfz,notes,id,1,0,1,5,,0,1
mdlive_cnfz,notifications,id,1,0,1,5,,0,1
mdlive_cnfz,on_call_types,id,1,0,1,5,,0,0
mdlive_cnfz,orders,id,1,0,1,5,,0,1
mdlive_cnfz,outgoing_surescripts_messages,id,1,0,1,5,,0,1
mdlive_cnfz,outreach_program_patient_sms,id,1,0,1,5,,0,0
mdlive_cnfz,outreach_program_patients,id,1,0,1,5,,0,1
mdlive_cnfz,outreach_programs,id,1,0,1,5,,0,0
mdlive_cnfz,patient_details,id,1,0,1,5,,0,1
mdlive_cnfz,patient_interactions,id,1,0,1,5,,0,1
mdlive_cnfz,patient_invitees,id,1,0,1,5,,0,0
mdlive_cnfz,patient_prescription_coverages,id,1,0,1,5,,0,1
mdlive_cnfz,patient_vitals,id,1,0,1,5,,0,1
mdlive_cnfz,patients_api_credentials,id,1,0,1,5,,0,1
mdlive_cnfz,patients_ethnicities,id,1,0,1,5,,0,1
mdlive_cnfz,patients_gender_identities,id,1,0,1,5,,0,1
mdlive_cnfz,patients_pronouns,id,1,0,1,5,,0,1
mdlive_cnfz,patients_races,id,1,0,1,5,,0,1
mdlive_cnfz,patients_sexes_assigned_at_birth,id,1,0,1,5,,0,1
mdlive_cnfz,patients_sexual_orientations,id,1,0,1,5,,0,1
mdlive_cnfz,patients_social_determinants_of_health,id,1,0,1,5,,0,1
mdlive_cnfz,patients_spoken_proficiencies,id,1,0,1,5,,0,1
mdlive_cnfz,pharmacies,id,1,0,1,5,,0,0
mdlive_cnfz,phys_avail_statuses,id,1,0,1,5,,0,0
mdlive_cnfz,phys_availabilities,id,1,0,1,5,,0,1
mdlive_cnfz,physician_types,id,1,0,1,5,,0,0
mdlive_cnfz,physician_types_users,id,1,0,1,5,,0,0
mdlive_cnfz,plans,id,1,0,1,5,,0,0
mdlive_cnfz,prescription_statuses,id,1,0,1,5,,0,0
mdlive_cnfz,prescriptions,id,1,0,1,5,,0,0
mdlive_cnfz,products,id,1,0,1,5,,0,0
mdlive_cnfz,promo_codes,id,1,0,1,5,,0,0
mdlive_cnfz,promotional_credits,id,1,0,1,5,,0,0
mdlive_cnfz,provider_affiliations,id,1,0,1,5,,0,0
mdlive_cnfz,provider_billing_rates,id,1,0,1,5,,0,0
mdlive_cnfz,provider_details,id,1,0,1,5,,0,0
mdlive_cnfz,provider_flags,id,1,0,1,5,,0,0
mdlive_cnfz,provider_payment_informations,id,1,0,1,5,,0,0
mdlive_cnfz,provider_payments_report_requests,id,1,0,1,5,,0,0
mdlive_cnfz,provider_profiles,id,1,0,1,5,,0,0
mdlive_cnfz,provider_recruitment_applications,id,1,0,1,5,,0,0
mdlive_cnfz,psy_fee_schedules,id,1,0,1,5,,0,0
mdlive_cnfz,queue_emails,id,1,0,1,5,,0,1
mdlive_cnfz,races,id,1,0,1,5,,0,0
mdlive_cnfz,ratings,id,1,0,1,5,,0,1
mdlive_cnfz,refund_requests,id,1,0,1,5,,0,1
mdlive_cnfz,reminders,id,1,0,1,5,,0,1
mdlive_cnfz,reserved_timeslots,id,1,0,1,5,,0,1
mdlive_cnfz,revenue_details_0513,id,1,0,1,5,,0,0
mdlive_cnfz,revenue_details_2018,id,1,0,1,5,,0,0
mdlive_cnfz,revenue_details_2019,id,1,0,1,5,,0,0
mdlive_cnfz,revenue_details_2020,id,1,0,1,5,,0,0
mdlive_cnfz,revenue_details_2021,id,1,0,1,5,,0,0
mdlive_cnfz,revenue_details_2022,id,1,0,1,5,,0,0
mdlive_cnfz,revenue_details_bh,id,1,0,1,5,,0,0
mdlive_cnfz,rules,id,1,0,1,5,,0,0
mdlive_cnfz,rx_limit_overrides,id,1,0,1,5,,0,1
mdlive_cnfz,rx_norms,id,1,0,1,5,,0,0
mdlive_cnfz,rx_refill_requests,id,1,0,1,5,,0,1
mdlive_cnfz,schedule_sessions,id,1,0,1,5,,0,1
mdlive_cnfz,sdk_sso_transfers,id,1,0,1,5,,0,0
mdlive_cnfz,sf_opportunity,id,1,0,1,5,,0,0
mdlive_cnfz,sig_text_instructions,id,1,0,1,5,,0,0
mdlive_cnfz,sigs,id,1,0,1,5,,0,0
mdlive_cnfz,simple_patients,id,1,0,1,5,,0,1
mdlive_cnfz,sms_messages,id,1,0,1,5,,0,1
mdlive_cnfz,sms_requests,id,1,0,1,5,,0,1
mdlive_cnfz,soap_note_bundle_print_requests,id,1,0,1,5,,0,1
mdlive_cnfz,specialty_follow_up_affiliation_coverages,id,1,0,1,5,,0,0
mdlive_cnfz,specialty_soap_notes,id,1,0,1,5,,0,1
mdlive_cnfz,sso_audit_logs,id,1,0,1,5,,0,1
mdlive_cnfz,states,id,1,0,1,5,,0,0
mdlive_cnfz,suggested_medications,id,1,0,1,5,,0,0
mdlive_cnfz,supervisor_cases,id,1,0,1,5,,0,1
mdlive_cnfz,support_request_topics,id,1,0,1,5,,0,0
mdlive_cnfz,surescript_prescriptions,id,1,0,1,5,,0,1
mdlive_cnfz,surescripts_favorite_rx,id,1,0,1,5,,0,1
mdlive_cnfz,surescripts_rx_history_medications,id,1,0,1,5,,0,1
mdlive_cnfz,survey_metadata,id,1,0,1,5,,0,0
mdlive_cnfz,survey_responses,id,1,0,1,5,,0,0
mdlive_cnfz,system_message_alerts,id,1,0,1,5,,0,0
mdlive_cnfz,tags,id,1,0,1,5,,0,0
mdlive_cnfz,treatment_plan_assignments,id,1,0,1,5,,0,1
mdlive_cnfz,url_shorteners,id,1,0,1,5,,0,1
mdlive_cnfz,us_time_zones,id,1,0,1,5,,0,0
mdlive_cnfz,user_statuses,id,1,0,1,5,,0,0
mdlive_cnfz,user_types,id,1,0,1,5,,0,0
mdlive_cnfz,user_vip_flags,id,1,0,1,5,,0,0
mdlive_cnfz,users,id,1,0,1,5,,0,1
mdlive_cnfz,video_consultations,id,1,0,1,5,,0,1
mdlive_cnfz,webhook_events,id,1,0,1,5,,0,1
mdlive_pubz,dim_affiliation_specific_questions,id,1,0,1,5,,0,1
mdlive_pubz,dim_affiliations,unknown,0,0,1,5,,0,1
mdlive_pubz,dim_api_iagnosis_response,api_iagnosis_response_key,1,0,1,5,,0,1
mdlive_pubz,dim_appointment_methods,id,1,0,1,5,,0,1
mdlive_pubz,dim_appointment_statuses,unknown,0,0,1,5,,0,1
mdlive_pubz,dim_athena,unknown,0,0,1,5,,0,1
mdlive_pubz,dim_athena_paid_payments,id,1,0,1,5,,0,1
mdlive_pubz,dim_authnet_transactions_data,id,1,0,1,5,,0,1
mdlive_pubz,dim_billing_order_logs,id,1,0,1,5,,0,1
mdlive_pubz,dim_calendar,unknown,0,0,1,5,,0,1
mdlive_pubz,dim_ccti_text_origination_types,unknown,0,0,1,5,,0,1
mdlive_pubz,dim_charge_amount_by_user,unknown,0,0,1,5,,0,1
mdlive_pubz,dim_check_manual_athenas,unknown,0,0,1,5,,0,1
mdlive_pubz,dim_claims,id,1,0,1,5,,0,1
mdlive_pubz,dim_client_affiliations,unknown,0,0,1,5,,0,1
mdlive_pubz,dim_consult_total,unknown,0,0,1,5,,0,1
mdlive_pubz,dim_consult_response_count,unknown,0,0,1,5,,0,1
mdlive_pubz,dim_consultation_type,id,1,0,1,5,,0,1
mdlive_pubz,dim_cpt_addendum_dollar_amount,unknown,0,0,1,5,,0,1
mdlive_pubz,dim_cpt_bh_consult_price,unknown,0,0,1,5,,0,1
mdlive_pubz,dim_cust_appointment_metadata,unknown,0,0,1,5,,0,1
mdlive_pubz,dim_cust_appointment_soap_notes,id,1,0,1,5,,0,1
mdlive_pubz,dim_cust_appointments,unknown,0,0,1,5,,0,1
mdlive_pubz,dim_customer_affiliation_reports,unknown,0,0,1,5,,0,1
mdlive_pubz,dim_customer_details,unknown,0,0,1,5,,0,1
mdlive_pubz,dim_customer_insurance270_detail,unknown,0,0,1,5,,0,1
mdlive_pubz,dim_date,unknown,0,0,1,5,,0,1
mdlive_pubz,dim_date_of_service,unknown,0,0,1,5,,0,1
mdlive_pubz,dim_diagnosis_new,unknown,0,0,1,5,,0,1
mdlive_pubz,dim_iagnosis_consult_price,diagnosis_consult_price_key,1,0,1,5,,0,1
mdlive_pubz,dim_iagnosis_cpt_code,diagnosis_cpt_code_key,1,0,1,5,,0,1
mdlive_pubz,dim_iagnosis_encounters,iagnosis_encounter_key,1,0,1,5,,0,1
mdlive_pubz,dim_dispensable_drugs,unknown,0,0,1,5,,0,1
mdlive_pubz,dim_duration,unknown,0,0,1,5,,0,1
mdlive_pubz,dim_eligible_members,unknown,0,0,1,5,,0,1
mdlive_pubz,dim_encounter,unknown,0,0,1,5,,0,1
mdlive_pubz,dim_fetch_prescription_count,unknown,0,0,1,5,,0,1
mdlive_pubz,dim_fetch_prescriptions,unknown,0,0,1,5,,0,1
mdlive_pubz,dim_free_credit_by_cs,unknown,0,0,1,5,,0,1
mdlive_pubz,dim_group_name,unknown,0,0,1,5,,0,1
mdlive_pubz,dim_groups,id,1,0,1,5,,0,1
mdlive_pubz,dim_icd10_code,unknown,0,0,1,5,,0,1
mdlive_pubz,dim_icd9_code,unknown,0,0,1,5,,0,1
mdlive_pubz,dim_icd_codes,unknown,0,0,1,5,,0,1
mdlive_pubz,dim_incentives,id,1,0,1,5,,0,1
mdlive_pubz,dim_ins_department_by_uid_affid,unknown,0,0,1,5,,0,1
mdlive_pubz,dim_ins_department_by_uid_affid_iagnosis,unknown,0,0,1,5,,0,1
mdlive_pubz,dim_ins_payer,unknown,0,0,1,5,,0,1
mdlive_pubz,dim_ins_payer_by_uid_aff_id,unknown,0,0,1,5,,0,1
mdlive_pubz,dim_intacct_customer_id,affiliation_id,1,0,1,5,,0,1
mdlive_pubz,dim_lob_id_new,unknown,0,0,1,5,,0,1
mdlive_pubz,dim_money_transaction_method,unknown,0,0,1,5,,0,1
mdlive_pubz,dim_money_transactions,id,1,0,1,5,,0,1
mdlive_pubz,dim_not_send_reason,unknown,0,0,1,5,,0,1
mdlive_pubz,dim_orders,unknown,0,0,1,5,,0,1
mdlive_pubz,dim_patients,id,1,0,1,5,,0,1
mdlive_pubz,dim_phys_avail,unknown,0,0,1,5,,0,1
mdlive_pubz,dim_phys_availabilities,unknown,0,0,1,5,,0,1
mdlive_pubz,dim_physician_rating,unknown,0,0,1,5,,0,1
mdlive_pubz,dim_physician_type,unknown,0,0,1,5,,0,1
mdlive_pubz,dim_physician_types,unknown,0,0,1,5,,0,1
mdlive_pubz,dim_plan_type,unknown,0,0,1,5,,0,1
mdlive_pubz,dim_plans,unknown,0,0,1,5,,0,1
mdlive_pubz,dim_prescription_count,unknown,0,0,1,5,,0,1
mdlive_pubz,dim_prescription_count_0_or_1,unknown,0,0,1,5,,0,1
mdlive_pubz,dim_prescriptions,unknown,0,0,1,5,,0,1
mdlive_pubz,dim_products,unknown,0,0,1,5,,0,1
mdlive_pubz,dim_promo_codes,unknown,0,0,1,5,,0,1
mdlive_pubz,dim_provider_affiliation,unknown,0,0,1,5,,0,1
mdlive_pubz,dim_providers,unknown,0,0,1,5,,0,1
mdlive_pubz,dim_referral,unknown,0,0,1,5,,0,1
mdlive_pubz,dim_states,unknown,0,0,1,5,,0,1
mdlive_pubz,dim_user_statuses,unknown,0,0,1,5,,0,1
mdlive_pubz,dim_user_types,unknown,0,0,1,5,,0,1
mdlive_pubz,dim_users,unknown,0,0,1,5,,0,1
mdlive_pubz,dim_video_duration,unknown,0,0,1,5,,0,1
mdlive_pubz,dim_video_duration_by_ca_id,unknown,0,0,1,5,,0,1
mdlive_pubz,fact_activation_users,unknown,0,0,1,5,,0,1
mdlive_pubz,fact_activations,unknown,0,0,1,5,,0,1
mdlive_pubz,fact_activations_mobile,unknown,0,0,1,5,,0,1
mdlive_pubz,fact_activity_history,unknown,0,0,1,5,,0,1
mdlive_pubz,fact_assessment_responses,unknown,0,0,1,5,,0,1
mdlive_pubz,fact_athena,unknown,0,0,1,5,,0,1
mdlive_pubz,fact_athena_api_logs_bh,id,1,0,1,5,,0,1
mdlive_pubz,fact_athena_api_logs_status_bh,id,1,0,1,5,,0,1
mdlive_pubz,fact_athena_claim,unknown,0,0,1,5,,0,1
mdlive_pubz,fact_athena_claim_summary,unknown,0,0,1,5,,0,1
mdlive_pubz,fact_athena_consult_data,unknown,0,0,1,5,,0,1
mdlive_pubz,fact_athena_monitoring_bh,unknown,0,0,1,5,,0,1
mdlive_pubz,fact_auth,unknown,0,0,1,5,,0,1
mdlive_pubz,fact_auth_and_refund_amount,unknown,0,0,1,5,,0,1
mdlive_pubz,fact_authnet_report,unknown,0,0,1,5,,0,1
mdlive_pubz,fact_authnet_transactions_data,unknown,0,0,1,5,,0,1
mdlive_pubz,fact_behavioral_daily_cancellations,unknown,0,0,1,5,,0,1
mdlive_pubz,fact_behavioral_weekly_patient_cancellations,unknown,0,0,1,5,,0,1
mdlive_pubz,fact_billing_consult_data,unknown,0,0,1,5,,0,1
mdlive_pubz,fact_billing_encounter,unknown,0,0,1,5,,0,1
mdlive_pubz,fact_billing_member_count,id,1,0,1,5,,0,1
mdlive_pubz,fact_billing_orders_logs,unknown,0,0,1,5,,0,1
mdlive_pubz,fact_billing_provider_summary,unknown,0,0,1,5,,0,1
mdlive_pubz,fact_call_center_waiting_time,unknown,0,0,1,5,,0,1
mdlive_pubz,fact_charge_amount,unknown,0,0,1,5,,0,1
mdlive_pubz,fact_charge_amount_kate,unknown,0,0,1,5,,0,1
mdlive_pubz,fact_cigna_capture_failures,unknown,0,0,1,5,,0,1
mdlive_pubz,fact_claim_status,unknown,0,0,1,5,,0,1
mdlive_pubz,fact_claims,unknown,0,0,1,5,,0,1
mdlive_pubz,fact_consultations,unknown,0,0,1,5,,0,1
mdlive_pubz,fact_continuation_of_cares,unknown,0,0,1,5,,0,1
mdlive_pubz,fact_cpt_bh_consult_price,unknown,0,0,1,5,,0,1
mdlive_pubz,fact_cust_longest_waits,unknown,0,0,1,5,,0,1
mdlive_pubz,fact_daily_lab,unknown,0,0,1,5,,0,1
mdlive_pubz,fact_diagnosis,unknown,0,0,1,5,,0,1
mdlive_pubz,fact_diagnosis_icd_10_code,unknown,0,0,1,5,,0,1
mdlive_pubz,fact_elegible_lives,unknown,0,0,1,5,,0,1
mdlive_pubz,fact_eligible,unknown,0,0,1,5,,0,1
mdlive_pubz,fact_eligible_member_registration_statuses,unknown,0,0,1,5,,0,1
mdlive_pubz,fact_encounter_logs,unknown,0,0,1,5,,0,1
mdlive_pubz,fact_encounters_healthsystem,unknown,0,0,1,5,,0,1
mdlive_pubz,fact_encounters_other,unknown,0,0,1,5,,0,1
mdlive_pubz,fact_free_credit,unknown,0,0,1,5,,0,1
mdlive_pubz,fact_healthiestyou_flag,unknown,0,0,1,5,,0,1
mdlive_pubz,fact_iagnosis_encounters,unknown,0,0,1,5,,0,1
mdlive_pubz,fact_ins_anthena_charge_amount,unknown,0,0,1,5,,0,1
mdlive_pubz,fact_lab_results,unknown,0,0,1,5,,0,1
mdlive_pubz,fact_medical_history,unknown,0,0,1,5,,0,1
mdlive_pubz,fact_mirth_eligible,unknown,0,0,1,5,,0,1
mdlive_pubz,fact_mirth_jobs,unknown,0,0,1,5,,0,1
mdlive_pubz,fact_mirth_member_search,unknown,0,0,1,5,,0,1
mdlive_pubz,fact_mirth_plan,unknown,0,0,1,5,,0,1
mdlive_pubz,fact_mirth_verify_new_batch,unknown,0,0,1,5,,0,1
mdlive_pubz,fact_money_transactions,unknown,0,0,1,5,,0,1
mdlive_pubz,fact_physician_activity_detail,unknown,0,0,1,5,,0,1
mdlive_pubz,fact_physician_activity_summary,unknown,0,0,1,5,,0,1
mdlive_pubz,fact_prescription_given_count,unknown,0,0,1,5,,0,1
mdlive_pubz,fact_prescription_list,unknown,0,0,1,5,,0,1
mdlive_pubz,fact_prescriptions,unknown,0,0,1,5,,0,1
mdlive_pubz,fact_promotion_codes,unknown,0,0,1,5,,0,1
mdlive_pubz,fact_provider_availability,unknown,0,0,1,5,,0,1
mdlive_pubz,fact_pverx_business_unit_reporting,unknown,0,0,1,5,,0,1
mdlive_pubz,fact_pverx_reporting,unknown,0,0,1,5,,0,1
mdlive_pubz,fact_raw_consult,unknown,0,0,1,5,,0,1
mdlive_pubz,fact_raw_cost,unknown,0,0,1,5,,0,1
mdlive_pubz,fact_raw_cost_sale_only,unknown,0,0,1,5,,0,1
mdlive_pubz,fact_raw_cost_types,unknown,0,0,1,5,,0,1
mdlive_pubz,fact_redirections,unknown,0,0,1,5,,0,1
mdlive_pubz,fact_refund_capture_failures,unknown,0,0,1,5,,0,1
mdlive_pubz,fact_refunds,unknown,0,0,1,5,,0,1
mdlive_pubz,fact_registration_details_group,unknown,0,0,1,5,,0,1
mdlive_pubz,fact_registrations,unknown,0,0,1,5,,0,1
mdlive_pubz,fact_reporting_registrations,unknown,0,0,1,5,,0,1
mdlive_pubz,fact_scheduled_appointments,unknown,0,0,1,5,,0,1
mdlive_pubz,fact_subscriber_athena,unknown,0,0,1,5,,0,1
mdlive_pubz,fact_survey_details,unknown,0,0,1,5,,0,1
mdlive_pubz,fact_urgent_care_agent_disposition,unknown,0,0,1,5,,0,1
mdlive_pubz,fact_urgent_care_waiting_room,unknown,0,0,1,5,,0,1
mdlive_pubz,fact_user_registrations,unknown,0,0,1,5,,0,1
mdlive_pubz,fact_visit_count,unknown,0,0,1,5,,0,1
mdlive_pubz,fact_visits,unknown,0,0,1,5,,0,1
mdlive_pubz,fact_visits_details,unknown,0,0,1,5,,0,1
mdlive_pubz,fact_visits_details_dermatology,unknown,0,0,1,5,,0,1
mdlive_pubz,fact_visits_diagnoses,unknown,0,0,1,5,,0,1
mdlive_pubz,fact_visits_diagnoses_codes,unknown,0,0,1,5,,0,1
mdlive_pubz,fact_visits_encounter_logs,unknown,0,0,1,5,,0,1
mdlive_pubz,fact_visits_metadata,unknown,0,0,1,5,,0,1
mdlive_pubz,fact_visits_more_details,unknown,0,0,1,5,,0,1
mdlive_pubz,fact_visits_surveys,unknown,0,0,1,5,,0,1
mdlive_rptz,vw_athena_claim,unknown,0,0,1,5,,0,1
mdlive_rptz,vw_athena_claim_summary,unknown,0,0,1,5,,0,1
mdlive_rptz,vw_athena_consult_data,unknown,0,0,1,5,,0,1
mdlive_rptz,vw_athena_monitoring,unknown,0,0,1,5,,0,1
mdlive_rptz,vw_behavioural_weekly_patient_cancellations,unknown,0,0,1,5,,0,1
mdlive_rptz,vw_billing_order_logs,unknown,0,0,1,5,,0,1
mdlive_rptz,vw_billing_provider_summary,unknown,0,0,1,5,,0,1
mdlive_rptz,vw_cigna_capture_failures,unknown,0,0,1,5,,0,1
mdlive_rptz,vw_claim_detail,unknown,0,0,1,5,,0,1
mdlive_rptz,vw_consultation_and_registration,unknown,0,0,1,5,,0,1
mdlive_rptz,vw_encounters_report,unknown,0,0,1,5,,0,1
mdlive_rptz,vw_fact_billing_consult_data_group,unknown,0,0,1,5,,0,1
mdlive_rptz,vw_fact_billing_consult_data_report,unknown,0,0,1,5,,0,1
mdlive_rptz,vw_fact_billing_encounter,unknown,0,0,1,5,,0,1
mdlive_rptz,vw_fact_billing_member_count,id,1,0,1,5,,0,1
mdlive_rptz,vw_iagnosis_encounter,unknown,0,0,1,5,,0,1
mdlive_rptz,vw_mb_encounters,unknown,0,0,1,5,,0,1
mdlive_rptz,vw_mirth_member_load_dependent_without_primary,unknown,0,0,1,5,,0,1
mdlive_rptz,vw_mirth_member_load_file_load,unknown,0,0,1,5,,0,1
mdlive_rptz,vw_mirth_member_load_members_details,unknown,0,0,1,5,,0,1
mdlive_rptz,vw_mirth_member_load_possible_duplicates_by_member_id,unknown,0,0,1,5,,0,1
mdlive_rptz,vw_mirth_member_load_possible_duplicates_by_name,unknown,0,0,1,5,,0,1
mdlive_rptz,vw_mirth_member_load_raw_data,unknown,0,0,1,5,,0,1
mdlive_rptz,vw_mirth_member_search,unknown,0,0,1,5,,0,1
mdlive_rptz,vw_patient_master_details,unknown,0,0,1,5,,0,1
mdlive_rptz,vw_physician_activity_detail,unknown,0,0,1,5,,0,1
mdlive_rptz,vw_physician_activity_summary,unknown,0,0,1,5,,0,1
mdlive_rptz,vw_promotion_codes,unknown,0,0,1,5,,0,1
mdlive_rptz,vw_pverx_reporting,unknown,0,0,1,5,,0,1
mdlive_rptz,vw_raw_consult,unknown,0,0,1,5,,0,1
mdlive_rptz,vw_refund_failure,unknown,0,0,1,5,,0,1
mdlive_rptz,vw_registration_by_eligibility,unknown,0,0,1,5,,0,1
mdlive_rptz,vw_registration_details,unknown,0,0,1,5,,0,1
mdlive_rptz,vw_registration_details_group,unknown,0,0,1,5,,0,1
hello
